restaurant_id,menu_id
2,25
2,30
2,4490
2,3741
2,782
3,43
3,1997
3,4020
3,4528
3,4976
3,1660
4,883
4,2203
4,1752
4,2119
4,4610
4,4497
5,1033
5,1000
5,2917
5,1073
5,2235
5,2399
6,751
6,213
6,2207
6,168
6,2437
7,71
7,2793
7,2894
7,3353
7,4541
7,502
8,371
8,2441
8,1373
8,3956
8,3611
9,445
9,2074
9,3037
9,4478
9,1317
10,285
10,2638
10,690
10,1187
10,1021
11,156
11,1386
11,4366
11,4547
11,2401
12,490
12,2532
12,3647
12,4984
14,30
14,3991
14,3812
14,726
14,812
14,3618
15,969
15,3596
15,4377
15,661
15,1200
15,220
15,3653
16,323
16,4658
16,1226
16,4043
16,2290
18,263
18,963
18,4574
18,4262
18,1460
19,273
19,4767
19,1293
19,675
19,413
19,4981
20,141
20,1957
20,1019
20,1238
20,1753
21,824
21,2061
21,1212
21,4277
21,4545
22,802
22,2322
22,2622
22,787
22,2939
23,605
23,2175
23,3007
23,536
23,934
23,2697
27,156
27,4327
27,1386
27,991
27,2774
27,2762
29,854
29,5019
29,2329
29,3230
29,3466
29,4743
30,995
30,1350
30,1229
30,2604
30,1344
30,4553
30,4036
34,205
34,73
34,3727
34,1949
35,196
35,4717
35,4711
35,1946
35,3303
35,3258
37,844
37,1230
37,2826
40,733
40,661
40,220
40,690
40,2505
40,3641
41,808
41,3692
41,788
41,820
41,2043
42,241
42,1166
42,2918
42,2685
42,90
43,617
43,782
43,4825
43,4932
43,1293
44,60
44,4206
44,3472
44,3416
44,3155
44,4324
45,533
45,4772
45,1326
45,1628
45,3483
47,949
47,3853
47,2331
47,1620
47,1903
47,4150
47,1951
48,186
48,3269
48,2078
48,1684
48,3724
49,295
49,848
49,1293
49,2996
49,1070
49,3912
51,667
52,736
52,1191
52,4051
52,3174
52,2726
52,4050
53,108
53,1286
53,1000
53,4541
53,566
53,1308
53,4623
53,4419
55,820
55,906
55,4216
55,2299
55,2233
56,238
56,4950
56,606
56,2371
56,2365
56,3161
60,782
60,3642
60,1063
60,3860
60,4944
63,617
63,1469
63,4387
63,3771
63,1923
65,156
65,4327
65,1386
65,991
65,2774
65,2762
66,695
66,4322
66,3563
66,3800
66,2900
68,20
68,4624
68,2505
68,1582
68,2962
68,3377
70,199
70,4697
70,1395
70,3764
70,217
71,414
71,2649
71,4039
71,2850
71,2915
71,2479
71,4495
72,289
72,4309
72,619
72,1798
72,4856
73,572
73,1829
73,3864
73,1605
73,782
74,1038
74,3811
74,1398
74,3236
74,3396
76,357
76,2359
76,3120
76,3293
76,3016
76,3752
78,74
78,2966
78,4094
78,3105
78,1026
79,739
79,1174
79,2945
79,450
79,3210
80,704
80,2505
80,220
80,733
80,20
84,22
84,1067
84,4414
84,1186
84,1124
84,2268
85,907
85,4747
85,4390
85,3840
85,3646
85,2112
91,400
91,2804
91,2982
91,1844
91,3872
91,4560
92,661
92,220
92,20
92,3011
92,1673
93,586
93,1654
93,3650
93,4759
93,2271
94,1026
94,2945
94,2227
94,3697
94,760
94,4634
97,239
97,3841
97,4100
97,4068
97,2454
98,661
98,220
98,2378
98,1481
98,3790
98,3293
101,1067
101,62
101,1845
101,3320
101,1412
101,1779
102,821
102,3862
102,1380
102,1740
102,1811
102,3240
102,2054
103,313
103,1649
103,1516
103,357
103,4183
104,237
104,4292
104,1452
104,4892
104,4859
104,4188
104,4716
105,727
106,836
106,3687
106,1560
106,4303
106,1159
108,705
108,2088
108,4498
108,4196
108,3142
109,982
109,2486
109,2240
109,1958
109,4088
110,822
110,3511
110,1517
110,2941
110,3393
110,4037
113,433
113,4415
113,1425
113,3859
113,1180
114,638
114,1695
114,1423
114,2597
114,4543
115,782
115,1019
115,4297
115,1342
115,1070
116,167
116,2683
116,3461
116,2807
116,3224
116,3605
117,973
117,3648
118,10
118,1850
118,2098
118,799
118,3964
119,810
119,4084
119,2342
119,1219
119,2096
120,723
120,3447
120,4532
120,3971
120,4976
120,3718
121,38
121,3702
121,4894
121,2427
121,2611
121,3965
122,667
122,560
122,3644
122,3296
122,2020
125,275
125,4222
125,2880
128,671
128,982
128,4894
128,1255
128,4191
128,2172
129,455
129,1787
129,4573
129,1580
129,1322
130,1
130,2073
130,1784
130,3124
130,22
131,74
131,2966
131,4094
131,3105
131,1026
135,390
135,3366
135,1060
135,3313
135,1938
139,414
139,2649
141,375
141,2701
141,4926
141,4541
141,2914
143,984
143,1252
143,1927
143,3403
143,2740
143,1719
144,176
144,3871
144,3163
144,2306
145,1007
145,3698
145,1281
145,1356
145,3438
148,661
150,635
150,4032
150,4773
150,4869
150,1063
150,791
153,661
153,4371
153,1374
153,4504
153,3735
153,379
153,1564
154,667
154,560
154,3748
154,1917
154,3682
155,359
155,3866
155,3047
155,4012
155,1372
156,94
156,25
156,90
156,782
156,4490
156,1495
157,234
157,112
157,1156
157,3376
157,3207
158,119
158,420
158,3716
158,343
158,771
158,726
158,4674
161,1068
161,1718
161,4879
161,391
161,2590
162,634
162,4738
162,2435
162,2921
162,4669
162,4374
164,969
164,3596
164,4377
164,661
164,1200
164,220
164,3653
167,937
167,2358
167,2593
167,2544
167,1421
167,1463
168,973
168,3648
169,973
169,3648
170,700
170,4787
170,4613
170,4220
170,1878
170,4565
173,961
173,3884
173,4035
173,4631
173,2725
173,1395
174,130
174,4578
174,4788
174,3916
174,654
174,3689
175,788
175,4405
175,4974
175,3194
175,330
176,257
176,1915
176,3211
176,1399
176,4503
177,527
177,1945
177,3290
177,1449
179,93
179,4931
179,2599
179,2023
180,356
180,4219
180,3190
180,941
180,1334
181,789
181,2040
181,3529
181,4274
181,2087
182,25
182,4812
182,94
182,3406
182,2939
184,713
185,1008
186,383
186,3430
186,3088
186,3740
186,4594
189,386
189,3262
189,1184
189,3048
189,1735
189,3248
189,1640
190,39
190,2323
190,3535
190,4018
190,3877
190,1495
192,521
192,786
192,2178
192,42
192,3076
192,97
192,3642
193,249
193,3912
193,3668
193,4168
193,872
193,2149
195,391
195,2838
195,2844
195,1722
195,3877
195,1067
196,1023
196,4899
196,1467
196,4324
196,4375
198,594
198,4140
199,450
199,1393
199,1346
199,255
199,3959
199,2893
200,378
200,4620
200,3055
200,1691
200,3792
202,230
202,3405
202,2132
202,4418
203,643
203,2194
203,4248
203,3152
203,1475
203,4787
204,602
204,231
204,1495
204,480
204,3737
206,405
206,4169
206,4983
206,2818
208,157
211,138
211,3877
211,4765
211,2930
211,81
213,163
213,3912
213,4969
213,872
213,2149
213,1169
215,1019
215,2953
215,4034
215,486
215,1363
215,1342
216,251
216,3066
216,1796
216,4123
216,2798
216,3933
216,2038
217,330
217,480
217,3037
217,788
217,3835
218,606
218,3018
218,3877
218,675
218,2685
222,506
222,557
222,4104
222,2178
222,3446
223,606
223,206
223,1597
223,3657
223,4770
227,322
227,4870
227,3530
227,1461
227,392
227,70
230,414
230,2649
230,1482
230,3353
230,1598
230,356
232,667
232,752
232,1642
232,560
232,3521
232,3431
232,4407
235,913
235,2170
235,3314
235,2614
235,2651
236,402
236,1701
236,2348
236,2027
236,1660
236,2872
237,430
237,21
237,4075
237,820
237,906
238,81
238,1998
238,1342
238,2786
238,786
238,3782
239,177
239,1458
239,4481
239,2174
239,3014
240,127
240,4026
240,2857
240,2825
240,4763
241,424
241,4324
241,2690
241,2339
241,2528
241,4678
242,212
242,128
242,4297
242,690
242,2934
244,414
244,2649
244,3864
244,3199
244,1299
244,375
244,2916
246,976
246,1449
246,3867
246,1207
246,3136
246,3759
247,792
247,2933
247,3470
247,1358
247,2393
248,754
249,433
249,2684
249,3485
249,3205
249,1278
251,423
251,2107
251,1341
251,4454
252,161
252,1986
252,4525
252,3217
252,3586
252,2140
255,745
255,3288
255,2364
255,1163
255,3491
256,505
256,2653
256,1402
256,4562
256,4147
256,414
256,2649
257,421
257,1072
257,2646
257,1869
257,3664
257,3617
259,1045
259,4091
259,1510
259,1429
259,4427
260,85
260,3361
260,4408
260,1078
260,2666
261,686
261,2018
261,4602
261,4118
261,4120
263,957
263,2856
263,3319
263,4081
263,2783
264,112
264,975
264,4424
264,1862
264,1021
265,509
265,2635
266,468
266,3475
266,4777
266,1468
266,3706
266,927
269,966
269,1524
269,2036
269,1332
269,4841
269,1471
270,266
270,1285
270,4991
270,2363
270,258
270,1304
271,973
271,3648
272,88
272,2182
272,1751
272,2455
272,1978
272,1119
272,3900
273,261
273,3102
273,3184
273,4638
273,3607
273,2354
277,1043
277,1098
277,4278
277,3437
277,4311
277,3562
278,139
278,1944
278,4343
278,2558
278,304
278,2224
279,110
279,2281
279,131
279,3257
279,2178
279,97
281,37
281,81
281,3776
281,97
281,2942
282,384
282,1313
282,1861
282,2861
282,4643
282,3816
283,887
283,1338
283,4264
283,239
283,4537
283,3443
283,1906
284,259
284,2700
284,1856
284,3684
284,4288
285,125
285,3732
285,3730
285,3531
286,307
286,4937
286,326
286,906
286,3624
289,785
289,3668
289,3121
289,872
289,2149
289,4430
291,31
291,3353
291,90
291,1019
291,3877
291,2663
292,273
292,3877
292,1495
292,1293
292,4490
293,269
293,2375
293,4847
293,1355
293,4941
293,4660
294,140
294,258
294,1304
294,1442
294,812
294,3618
294,4338
295,331
295,3784
295,1161
295,3722
295,2285
295,4922
296,709
296,2886
296,3080
296,4934
296,4992
296,3128
296,3576
297,623
299,783
299,2922
299,4735
299,3142
299,3536
300,131
300,2178
300,97
300,1779
300,3750
303,731
303,2012
303,1296
303,1930
303,3267
303,2647
303,1257
304,161
304,1986
304,4525
304,3217
304,3586
304,2140
305,973
305,3648
309,96
309,4833
309,1117
309,2391
309,3009
310,122
310,2972
310,4604
310,3486
310,31
311,251
311,3066
311,1796
311,4123
311,2798
311,3933
311,2038
312,1046
312,4595
312,2483
312,2385
312,4611
312,1993
313,746
313,2676
313,2032
313,2198
313,3581
314,216
314,2193
314,3000
314,1546
314,4865
317,434
317,4496
317,1067
317,62
317,1845
317,3488
321,1047
321,4254
321,1394
321,1806
321,1655
322,197
322,3245
322,177
322,90
322,2209
322,3348
322,1754
325,542
325,1522
325,4191
325,4339
325,2091
325,1306
327,795
327,1203
327,3172
327,2898
327,2148
329,2
329,1663
329,906
329,1568
329,4739
329,1813
329,4668
331,910
331,3274
331,4191
331,1506
331,2889
332,1048
332,4402
332,3509
332,1284
332,2977
333,546
333,2756
333,3058
333,1981
333,2192
333,4641
335,519
335,356
335,2063
335,177
335,2174
337,636
337,140
337,258
337,1304
337,4947
337,3945
338,1002
338,2368
338,3873
338,4783
338,4512
338,4334
339,372
339,3228
339,3300
339,2660
339,3630
341,796
341,2436
341,3455
341,2494
341,4468
341,4887
342,255
342,1393
342,1346
342,1349
342,3959
342,2893
344,914
344,3577
344,1909
344,3892
344,2208
347,607
347,1644
347,4241
348,990
348,4704
348,2432
348,3665
348,3959
349,479
349,1466
349,3986
349,2062
351,90
351,1019
351,4490
351,3877
351,617
352,287
352,4640
353,508
353,3943
353,1319
353,4332
353,1648
356,1031
356,1715
356,1217
356,2244
356,1880
356,2139
357,73
357,627
357,2118
357,2795
357,4152
358,68
358,4872
358,3628
358,2732
358,4289
358,3473
359,222
359,2580
359,4053
359,3444
359,3677
359,2376
360,409
360,1653
360,1095
360,1060
360,1185
360,2181
362,614
362,3220
362,1538
362,667
362,560
365,105
365,1561
371,23
371,4840
371,1684
371,2078
371,4275
371,3724
373,178
373,534
373,1679
373,3279
373,968
373,3150
373,11
374,661
374,220
374,2505
374,20
374,3768
376,112
376,420
376,3716
376,2310
376,343
376,480
377,668
377,2360
377,4252
377,1447
377,1630
377,2980
378,132
378,2410
378,2707
378,2531
378,2672
378,2397
380,649
380,3675
380,4564
380,3423
380,3180
381,233
381,2296
381,4171
381,2315
381,2569
381,3251
382,320
382,2750
382,3115
382,1893
382,619
384,833
384,3745
384,1018
384,1031
384,21
385,623
389,528
389,3848
389,4107
389,1931
389,2496
389,4905
391,217
391,4096
391,4389
392,87
392,4491
392,1750
392,2343
392,4395
392,1343
393,1025
393,2415
393,3636
393,3551
393,4261
393,3832
394,901
394,2075
394,3433
394,3074
394,691
394,1185
395,387
395,4672
395,3143
395,3629
395,2452
395,1244
396,379
396,1564
396,3641
396,2744
398,1049
398,1859
398,1625
398,4275
398,4087
398,4017
399,908
399,2325
399,2600
399,4836
399,3953
399,3570
400,872
400,2149
400,1446
400,3634
400,4297
400,31
401,233
401,2296
401,4171
401,2315
401,2569
401,3251
402,888
402,1267
402,2746
402,4482
402,4986
402,2308
403,80
403,3050
403,2579
403,3111
403,1485
403,3929
404,886
404,2371
404,3921
404,2963
404,1193
406,679
406,1397
406,4980
406,1676
406,4417
406,2133
406,2214
407,878
407,2413
407,1784
407,4119
407,31
408,72
408,2403
408,2858
408,3155
408,3783
409,663
409,2758
409,2409
409,3458
409,2072
410,40
410,536
410,4532
410,1611
410,1615
411,253
411,3983
411,1955
411,4069
411,1700
413,1042
413,2092
413,1131
413,2453
413,1214
413,3356
413,1541
414,667
414,560
414,3431
414,3707
414,2601
417,955
417,3110
417,2781
417,2999
417,3103
417,1936
417,2000
418,480
418,3877
418,751
418,2911
418,3850
419,661
419,220
419,1824
419,4521
419,357
421,985
421,4842
421,1225
421,4446
421,667
421,560
421,4110
423,585
423,2885
423,3120
423,3768
423,1302
424,247
424,2799
425,95
425,3085
425,1445
425,3081
425,2837
425,1518
428,207
428,3756
428,2168
428,4694
428,4234
429,304
429,4920
429,3750
429,81
430,152
430,4362
430,4433
430,3098
430,4709
434,661
434,2841
434,3155
434,4729
434,1781
435,296
435,1624
435,2948
435,2419
435,4082
435,2931
436,690
436,645
436,220
436,1200
436,3653
436,1019
438,601
438,3440
438,4490
438,1321
438,2082
441,765
441,1231
441,1749
441,3959
441,4162
442,1024
442,376
442,1757
442,3606
442,4846
443,747
443,2915
443,4348
443,2143
443,1298
443,3926
444,494
444,11
444,968
444,3150
444,2610
444,107
445,431
445,2955
445,4108
446,573
446,3688
446,2615
446,3877
446,1275
446,2058
446,2610
447,407
447,2731
447,3740
447,1537
447,2138
447,3362
448,879
448,4381
448,2110
448,2004
448,3325
449,48
449,2839
449,1486
449,1826
449,4809
450,486
450,1363
450,1779
450,242
450,2045
450,2088
453,906
453,2657
453,4127
453,4313
453,683
453,1474
454,542
454,1522
454,4191
454,4339
454,2091
454,1306
455,902
455,4733
455,3847
455,2433
455,4045
455,4421
457,877
457,4588
457,4524
457,1465
457,2159
462,1063
462,4904
462,4658
462,4675
462,782
463,1004
463,1329
463,3389
463,2095
463,2633
464,523
464,374
464,2065
464,294
464,906
464,3148
466,602
466,4734
466,4392
466,2652
466,253
466,1543
468,262
468,3322
468,671
468,3316
468,1782
468,2088
469,621
469,988
469,2813
469,2139
469,440
469,1619
470,286
470,1804
470,258
470,1304
470,4488
470,3212
470,3112
472,251
472,3066
472,1796
472,4123
472,2798
472,3933
472,2038
473,513
473,3899
476,366
476,4589
476,765
476,2769
476,2617
476,4063
476,2101
477,301
477,782
477,3877
477,4282
477,2153
477,947
478,332
478,1650
478,4590
478,2304
478,1708
479,610
479,2353
479,1302
479,2729
479,379
479,1564
479,1043
480,597
480,2970
480,4300
480,3294
480,2596
481,13
481,3042
481,2475
481,3357
481,1307
481,3961
482,550
482,4275
482,166
482,1625
482,4108
483,116
483,1650
483,1215
483,1877
483,2720
483,3359
484,967
484,1886
484,1222
484,4228
484,1888
484,2847
485,438
485,3855
485,3476
486,661
486,220
486,3653
486,4324
486,969
486,3596
486,1519
490,200
490,2120
490,231
490,768
490,2371
490,1386
491,423
491,2107
491,1341
491,4454
493,404
493,1283
493,4846
493,1589
493,1414
493,3097
494,65
494,3196
494,1123
494,414
494,2649
494,4562
495,959
495,3087
495,2751
495,1316
495,4548
495,3857
496,326
496,906
496,1940
496,374
496,4897
498,690
498,1778
498,661
498,1243
498,1200
499,670
499,3586
499,1138
499,1446
499,4200
500,414
500,2649
500,413
500,3272
500,1970
500,3358
501,744
501,2351
501,414
501,2649
501,3489
501,3545
501,4004
501,2206
502,737
502,5006
502,4236
502,1295
502,3340
504,42
504,3076
504,4516
504,4186
504,4889
504,1854
505,367
505,1189
505,947
505,536
507,373
507,1652
507,2162
507,1585
507,3590
508,898
508,2939
508,3988
508,2726
508,3280
509,639
509,3764
509,3492
509,2884
509,2507
509,1771
510,930
510,3773
510,4721
510,1637
510,4238
511,667
511,560
511,3521
511,4725
511,2438
511,2575
512,667
512,752
512,1642
512,560
512,3521
512,3431
512,4407
513,90
513,2685
513,4540
513,2379
513,1681
514,340
514,2517
514,4587
516,470
516,3189
516,3242
516,4854
516,4680
516,3989
516,3214
517,667
517,560
517,4198
517,3985
517,1943
518,574
518,1107
518,1734
518,414
518,2649
518,2786
518,2376
519,769
519,2533
519,326
519,3806
519,2263
519,3546
520,615
520,1325
520,1817
520,4250
520,3321
520,4712
521,342
521,3772
521,3234
521,4828
521,2771
521,4900
522,492
523,711
523,1694
523,3508
523,1960
523,4101
523,4706
523,2662
527,1032
527,3982
527,4258
527,1454
527,3931
527,3995
528,645
528,220
528,20
528,4324
528,1302
529,212
529,2985
529,128
529,1070
529,4126
532,283
532,3610
532,1825
534,872
534,2149
534,1650
534,753
534,1227
534,4775
534,4042
535,742
535,2191
535,1881
535,2478
535,4002
535,1760
536,278
536,4715
536,374
536,595
536,2594
536,3023
536,1896
539,752
539,1642
539,667
539,3521
539,560
539,3748
542,363
542,2423
542,2085
542,440
542,2053
542,3036
544,557
544,2006
544,3484
544,4224
544,1922
545,363
545,2423
545,2085
545,440
545,2053
545,3036
546,603
546,3904
546,3614
546,3755
546,1623
549,1063
549,1047
549,3802
549,177
550,804
550,3821
550,4780
550,3990
550,3599
551,501
551,667
551,1967
551,1340
552,32
552,4224
552,2576
552,4501
552,2177
553,297
553,4031
553,4945
553,1577
553,4705
557,630
557,1980
557,4214
557,3734
557,2675
557,3333
557,1894
559,989
559,584
559,1273
559,475
559,1289
559,1195
563,212
563,128
563,81
563,2268
563,70
564,376
564,1024
564,3046
564,2313
564,3892
566,109
566,2330
566,602
566,420
566,3716
566,2519
568,721
568,2578
569,856
569,4246
569,1097
569,3182
569,3825
569,5000
571,523
571,374
571,2065
571,294
571,906
571,3148
575,864
575,2516
575,3090
575,2291
575,4423
577,856
577,4246
577,1097
577,3182
577,3825
577,5000
579,827
579,1995
579,1181
579,4068
579,3331
580,209
580,4960
580,4344
580,2230
580,4093
581,449
581,1134
581,2503
581,654
581,3689
581,4685
582,348
582,3149
582,4280
582,2136
582,31
584,628
584,4563
584,4583
584,2254
584,1937
587,49
587,4259
587,4572
587,3351
588,442
588,2444
588,4886
588,4484
588,2897
588,2465
590,360
590,3967
590,1918
590,3831
590,1082
591,56
591,2905
591,3101
591,4142
591,2899
591,3335
592,353
592,1672
592,1201
592,2584
592,4439
594,53
594,3417
594,4695
594,1258
594,2228
594,1635
595,26
595,4455
595,2178
595,2268
595,4414
597,36
597,4975
597,2691
597,1569
597,1547
598,1050
598,1972
598,3566
598,2623
598,3107
598,1789
598,1729
599,1060
599,1938
599,2136
599,31
600,1051
600,4178
600,3591
600,4321
600,2443
601,648
601,4927
601,3544
601,4342
601,3708
602,250
602,3302
602,326
602,906
602,1835
605,414
605,2649
605,4153
605,3353
605,4495
605,4039
606,471
606,3866
606,4486
606,1755
606,3733
606,2146
607,91
607,3828
607,1900
607,3870
607,2983
607,4014
608,564
608,4871
608,2583
608,3247
608,2867
608,1427
609,381
609,1093
609,3282
609,1464
609,4949
611,123
611,2035
611,1633
611,1658
611,2986
611,616
613,575
613,2266
613,3781
613,1974
613,4157
616,935
616,2451
616,1895
616,81
616,1067
617,303
617,1418
617,1492
617,3814
617,1264
617,3133
618,716
618,1705
618,1279
618,1270
618,4086
618,3287
619,979
619,2060
619,1542
619,2563
619,4700
624,277
624,1520
624,1116
624,1530
624,3198
625,680
625,661
625,220
625,3653
625,20
626,375
626,2026
626,894
626,4541
626,1425
628,286
628,1804
628,258
628,1304
628,4488
628,3212
628,3112
630,1011
635,753
635,3265
635,2123
635,2567
635,1215
635,3787
636,363
636,2423
636,2085
636,440
636,2053
636,3036
637,414
637,2649
637,1482
637,3353
637,1598
637,356
639,915
639,3794
639,3012
639,4384
639,128
641,839
641,4071
641,3053
641,3067
641,4808
641,1866
642,1053
642,3243
642,3031
642,1431
642,4261
644,1026
644,2945
644,2227
644,3697
644,760
644,4634
647,588
647,1297
647,376
647,2923
648,671
648,982
648,4894
648,1255
648,4191
648,2172
649,811
649,1831
649,3261
649,1785
649,1985
649,3901
650,683
650,3769
650,906
650,374
650,2210
651,215
651,2305
651,4980
651,1428
651,4511
651,934
652,91
652,3828
652,1900
652,3870
652,2983
652,4014
656,889
656,667
656,560
656,4918
656,3193
656,1603
657,848
657,3561
657,2988
657,1461
657,343
658,414
658,2649
658,4541
658,1124
658,574
658,3349
659,771
659,480
659,1148
659,1675
659,782
660,667
660,2135
660,4438
660,2545
660,1651
660,2017
661,397
661,2761
661,3209
661,4990
664,258
664,1304
664,636
664,140
664,3746
664,3267
666,831
667,667
667,560
667,3748
667,202
667,3804
668,464
668,2991
668,4764
668,2616
668,3588
668,1081
669,888
669,1267
669,2746
669,4482
669,4986
669,2308
670,776
670,3720
670,2808
670,2158
670,4261
671,221
671,4450
671,3185
671,1090
671,1966
671,4217
672,871
672,2671
672,4260
672,3831
672,1901
672,3523
673,904
673,2282
673,3728
673,1544
673,2237
673,238
674,927
674,2059
674,1487
674,1293
674,90
675,91
675,3828
675,1900
675,3870
675,2983
675,4014
676,624
676,1309
676,2236
676,3364
676,1876
679,616
679,2515
679,3671
679,4714
679,1815
682,46
682,3845
682,3409
682,3441
682,3134
683,732
683,3218
683,3310
683,4518
683,4079
684,480
684,1891
684,2207
684,326
684,927
685,298
685,3154
685,768
685,617
685,1659
685,4514
685,2689
686,1018
686,3020
686,2152
686,1157
686,1248
687,316
687,2641
687,1436
687,21
687,4162
687,2477
692,544
692,2769
692,4852
692,3394
692,2255
693,427
693,1367
693,584
693,1273
693,989
693,999
693,4052
694,758
694,2739
694,2686
694,3914
694,2974
694,4525
696,667
696,560
696,3521
696,4407
696,4038
696,3431
697,326
697,906
697,374
697,3035
698,257
698,1915
698,3211
698,1399
698,4503
701,798
701,2418
701,1539
701,4969
701,4047
702,911
702,1533
702,4505
702,3385
702,4630
703,760
703,4634
703,1710
703,2176
703,4710
703,3407
705,872
705,2149
705,1650
705,753
705,1227
705,4775
705,4042
709,413
709,414
709,2649
709,4498
709,186
709,4039
714,982
714,2611
714,2371
714,4272
714,4713
714,4617
715,210
715,1828
715,1902
715,3633
715,4208
715,5004
717,651
717,3767
717,3370
717,1211
717,2471
718,988
718,1142
718,2288
718,1362
718,3299
719,393
719,3203
719,3249
720,929
720,21
720,2852
720,788
720,3021
722,941
722,4219
722,3190
722,4891
722,4973
722,4085
723,843
723,1364
723,3775
723,2253
723,4235
723,2559
724,765
724,1231
724,1749
724,3959
724,4162
725,667
725,560
725,4431
725,4520
725,4633
726,137
726,4265
726,2202
726,846
726,2561
727,123
727,2035
727,1633
727,1658
727,2986
727,616
728,62
728,1845
728,1067
728,3958
728,2996
728,4555
729,609
729,1599
729,4244
729,3819
729,1616
730,91
730,3828
730,1900
730,3870
730,2983
730,4014
731,248
731,4558
731,4296
731,3504
731,4414
731,2570
732,206
732,1597
732,90
732,1495
732,2052
733,4
733,4299
734,443
734,4353
734,2261
734,3226
734,3891
734,3666
735,299
735,3649
735,3213
735,3001
735,2607
735,3712
737,589
738,682
738,2612
738,4099
738,3829
738,4213
739,107
739,128
739,3958
739,475
739,2057
740,922
740,4696
740,1983
740,4226
741,1036
741,4597
741,4662
741,3719
741,4200
741,1968
743,970
743,1379
743,3522
743,2440
743,1723
743,4317
745,437
745,2267
745,3691
745,4227
745,3894
745,4510
746,694
746,1596
746,4642
746,4330
746,1291
748,1044
748,667
748,1500
748,4748
748,4921
749,159
749,2514
749,1907
749,3442
749,3350
749,2605
750,159
750,2514
750,1907
750,3442
750,3350
750,2605
751,905
751,2743
751,2037
751,4175
751,3338
752,1040
752,3571
752,90
752,3836
752,3510
753,862
753,4201
753,2442
753,4915
753,3307
754,799
754,3159
754,1083
755,457
755,4238
755,619
755,2327
755,4532
755,2678
757,727
757,4502
757,1478
757,1125
757,2081
760,58
760,1136
760,3426
760,1162
760,4844
760,1610
764,75
764,4216
764,4724
764,2603
764,1764
765,645
765,220
765,81
765,1019
765,2610
766,245
766,3168
766,3454
766,3556
766,3520
766,4637
767,779
767,1323
767,2367
767,4341
767,700
767,4306
768,801
768,4333
768,2625
768,1001
768,3201
769,291
769,3256
769,4821
769,1588
769,2334
770,978
770,2650
770,4368
770,2307
770,4541
771,347
771,1975
771,3833
771,1901
771,1223
772,563
774,562
774,3661
774,1563
774,2030
774,4451
774,1496
774,4040
775,756
775,2064
775,3974
775,1558
775,3301
776,720
776,3937
776,5014
776,2772
776,3421
776,4591
777,159
777,3721
777,3932
777,3445
777,438
777,3855
779,784
779,2688
779,1526
779,3634
779,3381
781,59
781,1549
781,4000
781,768
781,5009
781,2626
782,849
782,3119
782,788
782,564
782,326
782,1697
784,13
784,3042
784,2475
784,3357
784,1307
784,3961
785,52
785,4364
785,2424
785,3805
785,2369
785,1529
786,502
786,4890
786,413
786,2241
786,4577
789,520
789,1726
789,4473
789,1741
789,1140
790,640
790,2556
790,1578
790,1594
790,2997
791,299
791,3649
791,3213
791,3001
791,2607
791,3712
792,212
792,128
792,81
792,2268
792,70
793,95
793,3085
793,1445
793,3081
793,2837
793,1518
794,687
794,2227
794,760
794,4634
794,2780
794,1840
797,514
797,2776
797,2318
797,3187
797,2251
797,2390
799,300
799,4794
799,3789
799,1432
799,2943
803,921
803,2668
803,824
803,1212
803,4277
806,826
806,2166
806,3147
806,1216
806,2300
806,4768
807,684
807,4305
807,4352
807,4807
807,2610
807,11
809,845
809,2819
809,2389
809,2141
809,3146
809,2687
814,999
814,3849
814,584
814,1273
814,3970
814,4849
816,221
816,4450
816,3185
816,1090
816,1966
816,4217
817,326
817,2065
817,2814
817,2631
817,2473
818,503
818,2340
818,3514
818,1182
818,2197
819,83
819,3743
820,896
820,3419
820,4970
820,2380
820,1479
822,29
822,1607
822,4425
822,4453
822,1494
823,755
823,1077
823,2630
823,1646
823,1573
825,936
825,2150
825,1410
825,4580
825,3346
826,232
826,2046
826,3842
826,4428
826,3748
826,3347
827,33
827,1621
827,1254
827,4469
827,3367
827,2332
828,681
828,1643
828,2820
828,4649
828,3045
828,2189
829,576
829,2716
829,568
829,1634
829,3028
829,4515
831,224
831,4961
831,4176
831,4609
832,564
832,4535
832,1855
832,2582
832,3175
835,227
835,3919
835,4162
835,1436
835,3978
836,515
836,3487
836,2429
836,4111
836,2710
837,256
837,3887
837,1545
837,4875
837,1731
838,722
838,2523
838,3742
838,3603
839,660
839,4201
839,2609
839,4437
839,4131
840,667
840,560
840,4215
840,3165
840,3659
841,872
841,2149
841,1342
841,1998
841,4430
841,3908
845,128
847,803
847,1882
847,4205
847,4074
847,2542
848,674
848,4907
848,1183
848,2417
848,482
851,402
851,1701
851,2348
851,2027
851,1660
851,2872
852,547
854,142
854,3285
854,4385
855,158
855,2606
855,2588
855,2491
855,2428
858,707
858,4598
858,4270
858,1591
858,3332
859,267
859,2912
859,3947
859,3770
859,3944
859,2147
860,604
860,1489
860,2723
860,4645
860,4480
861,688
861,3286
861,1987
861,2737
861,2830
864,284
864,2319
864,4953
864,4785
864,1674
865,282
865,1488
865,2823
865,3460
865,4839
868,1052
868,2698
868,2764
868,3459
868,3690
869,740
869,3324
869,4490
869,1354
869,3434
869,4500
869,3582
871,418
871,2416
871,3893
871,2906
871,2077
872,1054
872,3477
872,584
872,1273
872,3073
872,3501
872,2627
873,926
873,3809
873,4778
873,4452
873,3798
873,1724
874,385
874,2482
874,2113
874,4792
874,2480
875,51
875,3568
875,3229
875,4448
875,2083
875,302
875,3480
876,818
876,4608
876,4436
876,4027
876,3801
880,667
881,268
881,4132
881,3826
881,2876
881,1713
881,4276
883,441
883,3592
883,1883
883,4274
883,1689
883,3524
884,76
884,2022
884,2054
884,1893
884,2231
884,4893
885,1065
885,1571
885,3056
885,1725
885,989
887,648
887,4927
887,3979
887,4077
887,3896
888,964
888,3686
888,1499
888,3550
888,2521
888,2346
889,556
889,4784
889,4420
889,2372
889,3495
889,4536
890,948
890,2221
890,4016
890,4182
890,1091
890,1617
891,859
891,3883
891,128
891,4060
891,3382
893,182
893,3082
893,3903
893,690
893,2488
893,3654
895,660
895,2432
895,4437
895,4063
895,1268
896,932
896,1483
896,4616
896,3913
896,4529
896,2109
898,749
898,2130
898,1368
898,1682
898,3612
900,962
900,4383
900,2795
900,2574
900,2730
900,4125
901,288
901,3109
901,3538
901,3683
901,2001
902,1069
902,305
902,560
902,3748
902,4198
904,448
904,4382
904,4527
904,2239
904,4823
905,280
905,4526
905,4236
905,3183
905,2821
907,225
907,1096
907,3902
907,3414
907,1601
907,4938
908,84
908,4728
908,3843
908,2238
908,4297
909,187
909,4335
909,965
909,235
910,657
910,1964
910,1556
910,3613
910,4657
917,641
917,3052
917,4075
917,3155
917,424
918,912
918,4173
918,1378
918,3151
918,3754
919,211
919,3539
919,2713
919,1435
919,3749
919,4683
921,292
921,393
921,4517
921,2909
921,1570
921,3264
923,1064
923,1716
923,4199
923,4857
923,3851
923,2292
925,981
925,1235
925,2086
925,4686
925,1060
926,971
926,2268
926,4913
926,2723
927,662
927,4831
927,2066
927,4692
927,1977
927,3422
928,757
928,1693
928,2106
928,2863
928,2129
929,1047
929,375
929,2726
929,431
929,4015
933,219
933,1245
934,1026
934,2829
934,168
934,1914
934,3254
935,875
935,4605
935,1823
935,1584
935,2502
936,665
936,1315
936,2644
936,4958
936,1179
936,4028
936,1830
937,667
937,560
937,543
937,1833
937,2709
938,393
938,3966
938,292
938,2447
938,1838
938,1565
939,870
939,2490
939,4814
939,4576
939,1731
939,2116
940,299
940,3649
940,3213
940,3001
940,2607
940,3712
941,174
941,438
941,3855
941,4632
941,21
941,4115
942,667
942,560
942,3521
942,4033
942,2121
944,730
944,1253
944,3796
944,4867
944,3695
945,117
945,1155
945,2928
945,4519
945,2926
945,4987
946,882
946,1438
946,1501
946,2822
946,335
946,3726
947,525
947,1416
947,1507
947,2111
947,3952
948,44
948,4818
948,1502
948,4097
950,868
950,1852
950,396
950,3970
950,2568
951,876
951,4559
951,2845
951,1928
951,3223
954,522
954,2543
954,4240
954,2216
954,3336
954,3462
956,324
956,3469
956,4752
956,3044
956,859
957,869
957,1557
957,2527
957,4626
957,4456
958,53
958,3417
958,4695
958,1258
958,2228
958,1635
960,388
961,667
961,560
961,4830
961,4639
961,3253
964,709
964,2886
964,2624
964,989
964,4896
964,465
964,1271
966,153
966,4655
966,1671
966,3179
966,2681
966,2105
967,95
967,3085
967,1445
967,3081
967,2837
967,1518
969,766
969,1312
969,1703
969,2581
969,2534
969,3615
969,1627
971,311
971,2595
971,3281
971,3070
971,1401
971,393
971,4164
975,472
975,2924
975,4615
975,2298
975,3518
975,1305
977,447
979,823
979,1618
979,4800
979,5005
979,2215
979,3132
980,752
980,1642
980,667
980,560
980,2827
980,2324
982,50
982,4287
982,4112
982,1430
982,4325
983,988
983,4824
983,1439
983,1608
983,2817
988,714
988,667
988,560
988,3384
988,2946
988,2089
990,486
990,1363
990,242
990,3352
990,2685
990,3052
990,4075
991,349
991,3625
991,2501
991,3500
991,2076
991,1934
992,719
992,1392
992,1602
992,1008
992,3696
992,1743
993,318
993,1731
993,3369
993,102
993,4628
994,993
994,3144
994,3863
994,1834
994,1810
995,325
995,661
995,3598
995,1905
995,1108
996,552
996,4301
996,5017
996,1074
1000,192
1000,4394
1000,968
1000,3150
1000,1783
1000,3954
1000,2560
1000,4873
1001,885
1001,1333
1001,4592
1001,1206
1001,4165
1001,1785
1001,2620
1002,100
1002,4845
1002,1408
1002,1456
1002,2557
1003,1067
1003,62
1003,1845
1003,2874
1003,4158
1003,3525
1004,667
1004,560
1004,1330
1004,2866
1004,1567
1006,245
1006,3168
1006,3454
1006,3556
1006,3520
1006,4637
1007,66
1007,3930
1007,1425
1007,4126
1007,1137
1013,403
1013,2553
1013,3888
1013,2733
1013,4799
1014,236
1014,3399
1014,4646
1014,2796
1014,2998
1014,5016
1015,972
1015,2784
1015,1629
1015,982
1015,4541
1017,994
1017,2768
1017,4819
1017,3869
1017,1261
1017,3100
1018,350
1018,1101
1018,1111
1018,3912
1018,4815
1019,865
1019,3315
1019,1512
1019,4318
1019,3973
1021,21
1021,2320
1021,2124
1021,1870
1021,788
1022,101
1022,4569
1022,1188
1022,1777
1022,2049
1023,302
1026,290
1026,1904
1026,1885
1026,2167
1026,1144
1027,960
1027,2163
1027,1311
1027,159
1027,1391
1029,327
1029,1683
1029,4635
1029,4106
1029,1736
1029,1118
1030,1039
1032,454
1032,2187
1032,2019
1032,1592
1032,2097
1035,435
1035,2169
1035,3496
1035,2201
1035,3271
1036,1061
1036,1451
1036,1127
1036,3038
1036,3141
1038,867
1038,1199
1038,3386
1038,3099
1038,4290
1038,2696
1040,579
1040,4143
1040,2431
1040,2336
1040,1709
1042,223
1042,218
1042,1208
1044,561
1044,4607
1044,3306
1044,4929
1044,3992
1044,3113
1045,626
1045,3168
1045,3547
1045,1274
1045,4858
1046,126
1046,1868
1046,4279
1047,188
1047,4460
1047,464
1047,3573
1047,3005
1048,568
1048,1634
1048,3594
1048,1871
1048,3934
1048,3013
1049,336
1049,2992
1049,3408
1049,2537
1049,1721
1050,667
1050,2538
1050,560
1050,3969
1050,2846
1053,183
1053,2156
1055,952
1055,560
1055,2222
1055,3312
1055,2835
1059,925
1059,1106
1059,2207
1059,872
1059,2149
1059,480
1060,150
1060,4479
1060,1388
1060,1963
1060,4664
1061,1018
1061,4365
1061,4117
1061,4410
1061,2223
1063,523
1063,374
1063,2065
1063,294
1063,906
1063,3148
1065,260
1065,2280
1065,1848
1065,4066
1065,4822
1065,2832
1067,642
1067,3337
1067,2613
1067,107
1068,750
1068,4218
1068,1219
1068,1543
1068,3584
1068,3927
1069,124
1069,2800
1069,2467
1069,3432
1069,31
1070,696
1070,4379
1070,2252
1070,4965
1073,717
1073,4542
1073,4684
1073,2396
1073,3084
1073,4203
1077,226
1077,2824
1077,1085
1077,3188
1077,4058
1078,851
1078,3602
1078,3391
1078,4972
1078,3418
1078,3427
1079,928
1079,482
1079,3901
1079,2417
1079,3479
1080,814
1080,1745
1080,4903
1080,2968
1080,1357
1080,1711
1083,842
1083,1128
1083,2303
1083,4005
1083,4910
1083,4412
1085,942
1085,2913
1085,4798
1087,104
1087,3448
1087,2223
1087,1406
1090,798
1090,2418
1090,1539
1090,4969
1090,4047
1091,916
1091,3170
1091,1935
1091,2843
1091,2011
1091,4771
1092,667
1092,1141
1092,2229
1092,2994
1092,560
1092,4363
1095,111
1095,3729
1095,3506
1095,1425
1095,3940
1096,659
1096,3681
1096,2848
1096,1250
1096,2341
1097,899
1097,4372
1098,992
1098,4174
1098,3865
1098,1947
1098,3108
1099,622
1099,4113
1099,2426
1099,2950
1099,2658
1103,977
1103,3884
1103,22
1103,2279
1103,2489
1106,326
1106,906
1106,374
1106,3035
1107,35
1107,4985
1107,2785
1107,2875
1107,1158
1109,772
1109,2016
1109,2257
1109,2402
1109,3645
1110,806
1110,2535
1110,3918
1110,475
1110,803
1110,1461
1113,174
1113,438
1113,3855
1113,4632
1113,21
1113,4115
1116,486
1116,1363
1116,2277
1116,5021
1116,1657
1116,1932
1122,1057
1122,3341
1122,3259
1122,1865
1122,1294
1122,4447
1122,1358
1127,351
1135,897
1135,3693
1135,2695
1135,1288
1135,4346
1135,1204
1136,74
1136,2966
1136,4094
1136,3105
1136,1026
1140,667
1140,560
1140,3748
1140,2812
1140,2932
1143,310
1143,4988
1143,2204
1143,4898
1143,1985
1144,504
1144,3667
1144,1497
1144,2326
1144,3415
1144,3925
1146,1033
1146,1000
1146,2917
1146,1073
1146,2235
1146,2399
1148,906
1148,2309
1148,3139
1148,3092
1148,3173
1149,144
1149,1534
1149,2459
1149,1219
1149,1908
1151,41
1151,1328
1151,3402
1151,1668
1151,3237
1152,1037
1152,3620
1152,4477
1152,4835
1152,2361
1152,1667
1152,4466
1157,534
1157,4914
1157,1505
1157,2142
1157,4838
1158,213
1158,2788
1158,2316
1158,2524
1158,1832
1158,2330
1162,543
1162,3383
1162,1224
1162,4438
1162,4989
1165,1066
1165,1130
1165,1759
1165,4163
1165,2468
1165,788
1167,436
1167,4156
1167,4653
1167,1514
1167,2828
1168,551
1168,1176
1168,2430
1168,1400
1168,3815
1170,160
1170,2370
1170,2807
1170,568
1170,1634
1170,4190
1170,424
1174,396
1174,584
1174,1273
1174,3040
1174,3597
1174,2727
1179,1055
1179,3225
1179,3235
1179,3981
1179,2270
1180,648
1180,4927
1180,1122
1180,2134
1180,1383
1181,570
1181,2792
1181,393
1181,4268
1181,1444
1181,2476
1184,661
1184,2505
1184,4476
1184,220
1184,3790
1185,960
1185,2212
1185,3994
1185,1686
1185,20
1187,326
1187,906
1187,1940
1187,374
1187,4897
1190,364
1190,4718
1190,2005
1190,2722
1190,4251
1190,2667
1191,660
1191,4201
1191,3122
1191,4888
1191,3307
1197,193
1197,1950
1197,1300
1197,1860
1197,3780
1197,4676
1198,47
1198,4670
1198,2969
1198,1841
1198,2211
1198,2366
1200,873
1200,2461
1200,3757
1200,1310
1202,850
1202,1884
1202,2275
1202,2104
1202,3086
1202,3178
1202,3186
1204,965
1204,235
1205,667
1205,560
1205,2135
1205,3748
1205,3804
1206,756
1206,2064
1206,3974
1206,1558
1206,3301
1209,667
1209,1636
1209,1929
1209,3497
1209,2670
1210,672
1210,4826
1210,1645
1210,3532
1210,4756
1215,189
1215,2882
1216,3
1216,70
1216,128
1216,2173
1216,4993
1218,1059
1218,1448
1218,4320
1218,4406
1218,3094
1218,4134
1221,162
1221,2377
1221,2144
1221,2680
1222,251
1222,3066
1222,1796
1222,4123
1222,2798
1222,3933
1222,2038
1223,835
1223,1933
1223,4708
1223,1259
1223,4182
1224,1062
1224,3674
1224,3410
1224,667
1224,560
1227,7
1227,2834
1227,1103
1227,5008
1227,1969
1228,134
1228,3785
1228,4882
1228,4956
1228,5007
1230,1070
1230,690
1230,4297
1230,107
1230,128
1232,235
1232,965
1234,812
1234,3618
1234,2080
1237,69
1237,4722
1237,4192
1237,2042
1237,3107
1241,1016
1241,3911
1241,3912
1241,3260
1241,3103
1243,167
1243,2683
1243,3461
1243,2807
1243,3224
1243,3605
1244,667
1244,560
1244,1941
1244,4435
1244,4534
1246,857
1246,2728
1246,2602
1246,1587
1246,1874
1247,637
1247,4210
1247,1550
1247,535
1247,2529
1247,2893
1248,1003
1248,3975
1248,4148
1248,820
1248,906
1249,267
1249,2912
1249,3947
1249,3770
1249,3944
1249,2147
1251,16
1251,3569
1251,3587
1251,2492
1251,2219
1251,3051
1255,667
1255,560
1255,4431
1255,4520
1255,4633
1256,333
1256,4015
1256,2371
1256,3683
1256,3275
1261,677
1261,1820
1261,4507
1261,2345
1261,2485
1263,861
1263,4209
1263,4380
1263,3449
1263,1527
1263,4544
1266,535
1266,2529
1266,3216
1266,450
1266,3515
1266,3567
1266,1809
1268,354
1268,4789
1268,4796
1269,426
1269,4601
1269,1247
1269,2003
1269,3622
1269,3156
1274,974
1274,2565
1274,1733
1274,3922
1274,2860
1274,1005
1276,667
1276,560
1276,3431
1276,202
1276,2827
1284,759
1284,1470
1284,2755
1284,1576
1284,1681
1284,1301
1286,314
1286,4935
1286,4007
1286,3464
1286,1864
1286,1477
1287,667
1287,560
1287,1921
1287,4207
1287,1147
1287,3739
1290,752
1290,1642
1290,667
1290,560
1290,1943
1290,1370
1294,958
1294,4146
1294,2618
1294,2552
1294,4102
1294,4744
1303,683
1303,1318
1303,2589
1303,4837
1303,1099
1305,855
1305,4648
1305,4866
1305,3277
1305,2412
1306,432
1306,1732
1306,2117
1306,4328
1306,1600
1309,577
1309,4161
1309,4155
1309,4861
1309,2767
1310,987
1310,1153
1311,13
1311,3042
1311,2475
1311,3357
1311,1307
1311,3961
1313,1027
1313,1154
1313,2509
1313,3887
1313,1472
1320,103
1320,4416
1320,3093
1320,4274
1320,1381
1325,909
1325,1827
1325,2276
1325,4266
1325,2806
1325,3026
1325,4229
1326,943
1326,2056
1326,3221
1326,1335
1326,3278
1326,2862
1329,412
1332,667
1332,560
1332,1837
1332,4356
1332,2965
1333,1005
1333,2711
1333,3503
1333,1665
1333,2694
1334,708
1334,3905
1334,3807
1334,3846
1334,3701
1334,3861
1334,3593
1336,631
1336,3451
1336,1953
1336,3463
1336,3938
1336,1262
1336,2961
1339,558
1339,3793
1339,3167
1340,172
1340,1821
1340,2297
1340,482
1340,3481
1340,2735
1340,2878
1345,304
1345,4920
1345,3750
1345,81
1346,395
1346,1115
1346,3263
1346,3669
1346,1120
1348,243
1348,4141
1348,1956
1348,1088
1348,3637
1348,3131
1349,774
1349,2495
1349,4409
1349,3019
1349,2718
1349,1685
1351,553
1351,2338
1354,57
1354,4523
1354,1857
1354,2294
1354,2259
1354,256
1355,392
1355,753
1355,4925
1355,4399
1358,718
1358,2973
1358,2450
1358,3436
1358,1566
1362,149
1362,475
1362,4494
1362,1774
1362,3015
1365,335
1365,3726
1365,4546
1365,1263
1365,3125
1365,4084
1365,810
1372,973
1372,3648
1374,233
1374,2296
1374,4171
1374,2315
1374,2569
1374,3251
1378,36
1378,4975
1378,2691
1378,1569
1378,1547
1379,195
1379,4204
1379,2919
1379,4722
1379,3104
1380,1056
1380,4802
1384,973
1384,3648
1386,489
1386,4912
1386,4995
1386,3308
1386,2869
1386,3289
1388,667
1388,560
1388,2039
1388,2585
1388,1228
1388,1765
1398,416
1401,91
1401,3828
1401,1900
1401,3870
1401,2983
1401,4014
1403,237
1403,4292
1403,1452
1403,4892
1403,4859
1403,4188
1403,4716
1404,938
1404,4720
1404,3662
1404,1758
1405,82
1405,4568
1405,2634
1405,2738
1405,1606
1405,3210
1409,595
1409,2594
1409,3715
1409,1455
1412,728
1413,900
1413,1054
1413,3477
1413,1375
1413,2126
1413,584
1413,1273
1414,485
1414,1925
1414,4741
1414,3075
1414,1337
1417,667
1417,2791
1417,2960
1417,1786
1417,3920
1425,1020
1425,3917
1425,2840
1425,2896
1425,2278
1428,998
1428,2938
1428,4815
1428,4367
1428,3912
1428,4966
1429,752
1429,1642
1429,667
1429,560
1429,2571
1429,2754
1430,485
1430,1925
1430,4741
1430,3075
1430,1337
1431,369
1431,4994
1431,4474
1431,2462
1435,944
1435,3822
1435,4636
1435,1441
1435,2970
1435,1942
1438,667
1438,1636
1438,3674
1444,170
1444,1303
1444,2677
1444,3374
1444,4760
1444,3955
1444,4781
1448,667
1448,3655
1448,4850
1448,4499
1448,3731
1449,996
1449,1710
1449,2562
1449,379
1449,1564
1449,2164
1449,4883
1450,444
1450,5013
1450,2044
1450,4612
1450,1087
1458,414
1458,2649
1458,3537
1458,4551
1458,4108
1458,109
1460,813
1460,2160
1460,2778
1460,2642
1460,3573
1461,667
1462,667
1462,560
1462,4160
1462,1609
1462,4350
1463,306
1463,1365
1463,2481
1463,4651
1463,2554
1463,3317
1463,1293
1466,312
1466,4600
1466,2463
1466,2243
1466,1593
1467,239
1467,3191
1467,4952
1467,4050
1467,3601
1467,4979
1468,477
1468,3227
1468,4211
1468,1503
1468,667
1468,560
1468,3779
1469,168
1469,1102
1469,3130
1469,3328
1469,3354
1470,852
1470,1656
1470,212
1470,1437
1470,128
1470,4351
1471,106
1471,4917
1471,3817
1471,4793
1471,4702
1471,667
1473,793
1473,1676
1473,679
1473,1397
1473,2234
1473,1475
1475,77
1475,4508
1475,3874
1475,3600
1475,3766
1479,8
1479,3589
1479,2888
1479,3465
1479,4681
1480,334
1480,1612
1480,2842
1480,3254
1480,4710
1480,4212
1483,531
1483,2102
1483,4095
1483,3575
1483,1147
1483,4011
1484,945
1484,1425
1484,2920
1484,1495
1484,3877
1485,924
1485,4693
1485,2724
1485,4916
1485,4239
1486,1034
1486,4940
1486,4202
1486,4181
1486,2540
1486,2759
1488,983
1488,180
1488,3200
1488,3557
1488,1409
1488,913
1488,1351
1489,18
1489,4820
1489,1190
1489,256
1489,4165
1490,874
1490,4009
1490,4129
1490,2069
1491,414
1491,2649
1491,4943
1491,3387
1491,2200
1491,2446
1492,946
1492,1369
1492,2769
1492,4757
1492,1314
1492,2715
1492,440
1493,294
1493,3548
1493,4753
1493,2903
1493,2797
1493,4337
1494,500
1494,4599
1494,1132
1494,4347
1494,2260
1498,244
1498,1336
1498,2054
1498,20
1500,669
1500,3824
1500,4285
1500,2598
1500,2420
1500,1276
1500,1151
1502,790
1502,1799
1502,4255
1502,4269
1502,2470
1502,3034
1504,488
1504,1149
1504,2014
1504,1535
1504,4522
1504,3528
1504,3118
1505,931
1505,4231
1505,1858
1505,3065
1505,2371
1505,4557
1506,476
1506,3526
1506,1428
1506,4980
1506,4370
1507,422
1508,361
1508,2434
1508,1403
1508,5012
1508,4471
1508,667
1509,880
1509,1196
1509,1112
1509,2775
1509,3820
1512,453
1512,3158
1512,3579
1512,4832
1513,218
1513,1926
1513,4073
1513,2249
1513,3241
1514,698
1514,4490
1514,782
1514,1067
1514,62
1514,1845
1516,997
1516,4737
1516,4736
1516,2010
1516,1521
1518,691
1518,2075
1518,2877
1518,2803
1518,1240
1519,917
1519,4539
1519,3348
1519,3877
1519,3910
1523,507
1523,4411
1523,1147
1523,3239
1523,667
1523,752
1523,1642
1523,1426
1524,569
1524,2833
1524,4852
1524,3980
1524,3062
1524,1424
1544,242
1544,1070
1545,598
1545,968
1545,3150
1546,791
1546,4249
1546,3725
1546,1110
1546,4190
1548,939
1548,4691
1548,4159
1548,1746
1548,2311
1548,1150
1549,770
1549,4109
1549,1738
1549,4955
1549,4078
1549,4044
1549,5002
1550,773
1550,902
1550,4733
1550,2734
1550,3004
1550,3923
1551,667
1551,2760
1551,3068
1551,3656
1551,2670
1553,532
1553,2712
1553,3008
1553,3959
1553,2539
1555,907
1555,4747
1555,4390
1555,3840
1555,3646
1555,2112
1556,661
1556,220
1556,690
1556,3641
1556,2505
1556,1339
1557,536
1557,3095
1557,3297
1557,2803
1557,4080
1560,620
1560,2937
1560,2954
1560,4349
1560,499
1560,2184
1561,960
1561,1720
1561,1638
1561,1311
1561,1649
1562,98
1562,3560
1562,1669
1562,2218
1562,2161
1566,793
1566,1676
1566,679
1566,1397
1566,2234
1566,1475
1567,895
1567,3890
1567,4403
1567,2525
1567,1924
1567,1916
1567,2645
1568,201
1568,2895
1568,4946
1568,3632
1568,4625
1568,4308
1569,305
1569,1664
1569,2337
1569,1173
1569,4459
1570,112
1570,4492
1570,1199
1570,2574
1570,726
1572,866
1572,1639
1572,4133
1572,2809
1574,482
1574,2511
1574,3195
1574,1889
1577,54
1577,1422
1577,4062
1577,4485
1577,2333
1577,2395
1579,102
1579,3246
1579,2406
1579,1892
1579,1728
1582,748
1582,1790
1582,1586
1582,4759
1582,3507
1584,590
1584,3673
1584,1513
1584,593
1584,1660
1584,2530
1588,420
1588,3716
1588,2405
1588,3002
1588,2920
1588,480
1591,761
1591,3555
1591,1320
1591,3305
1591,102
1592,378
1592,2630
1592,1167
1592,2347
1592,1067
1595,380
1595,3751
1595,3935
1595,2920
1595,726
1595,3877
1596,548
1596,1109
1596,3924
1596,4293
1596,4593
1598,114
1598,4858
1598,3453
1598,1784
1598,2803
1598,31
1600,767
1600,1133
1600,4025
1600,3585
1600,3252
1601,816
1601,4465
1601,906
1601,3760
1601,3866
1601,471
1602,541
1602,3181
1602,936
1602,1756
1602,2993
1603,632
1603,1898
1603,2381
1603,3345
1603,2131
1603,1202
1606,451
1606,4340
1606,3250
1606,3866
1606,2890
1606,3334
1632,775
1632,1540
1632,2051
1632,3299
1632,4019
1633,365
1633,568
1633,1634
1633,213
1633,2726
1633,1259
1634,768
1634,2610
1634,675
1634,3908
1634,2786
1635,191
1635,1887
1635,1772
1635,3877
1635,2701
1636,415
1636,2125
1639,5
1639,3745
1639,480
1639,2284
1639,2519
1640,408
1640,3057
1640,3439
1640,4076
1640,1076
1640,1661
1641,119
1641,420
1641,3716
1641,2154
1641,4190
1641,4688
1643,846
1643,2202
1643,1443
1643,394
1643,2561
1643,2803
1644,399
1644,3623
1644,3962
1644,1766
1644,3837
1645,175
1645,3834
1645,1171
1645,4679
1645,3909
1645,4656
1645,2765
1646,34
1646,2497
1646,3795
1646,1376
1646,1816
1647,599
1647,1366
1647,4391
1647,2995
1647,3420
1647,1853
1649,346
1649,3276
1649,4834
1649,4622
1649,1698
1649,1803
1651,701
1651,2009
1651,141
1651,1770
1652,629
1652,3616
1652,2256
1653,773
1653,902
1653,4733
1653,2734
1653,4550
1654,661
1654,2505
1654,4698
1654,4376
1654,4083
1656,725
1656,3444
1656,3839
1656,1387
1656,3398
1657,924
1657,4693
1657,2724
1657,4916
1657,4239
1658,377
1658,1684
1658,3106
1658,1210
1658,4329
1659,319
1659,4533
1659,2499
1659,4982
1659,787
1660,762
1660,815
1660,1890
1660,2007
1660,1246
1660,2335
1661,611
1661,3311
1661,3879
1661,2457
1661,2787
1661,2033
1663,584
1663,1273
1663,3658
1663,3183
1663,1670
1663,4359
1665,593
1665,1172
1665,2643
1665,1563
1665,3103
1667,394
1667,3365
1667,4245
1667,1434
1667,2137
1668,136
1668,1197
1668,3761
1668,1677
1668,1805
1668,1272
1670,517
1670,4098
1670,1198
1670,4295
1670,1989
1670,3244
1671,555
1671,1736
1671,1407
1671,4843
1671,4177
1673,1041
1673,3676
1673,2196
1673,4923
1673,2879
1675,252
1675,1425
1675,619
1675,4675
1675,1660
1675,4224
1676,76
1676,2022
1676,3219
1676,4286
1676,2250
1676,3519
1678,228
1678,3856
1678,2180
1678,1352
1678,1129
1678,2871
1680,516
1680,3866
1680,1260
1680,2519
1680,1327
1681,440
1681,84
1681,1259
1681,3109
1681,3166
1682,777
1682,2411
1682,1551
1682,675
1682,2133
1683,377
1683,1684
1683,3106
1683,1210
1683,4329
1684,229
1684,4566
1685,89
1685,2519
1685,3452
1685,2715
1685,3823
1686,787
1686,164
1686,1249
1686,2661
1686,1812
1687,667
1687,560
1687,3799
1687,3431
1687,4407
1688,429
1688,1192
1688,3378
1688,1484
1688,1256
1690,997
1690,4737
1690,4736
1690,2010
1690,1521
1691,476
1691,3526
1691,1428
1691,4980
1691,4370
1692,491
1692,4030
1692,4786
1692,2114
1692,2639
1692,2356
1692,3372
1693,151
1693,4256
1693,3572
1693,3651
1693,3558
1694,706
1694,2747
1694,2811
1694,4262
1694,4582
1695,328
1695,2629
1695,1100
1695,4195
1695,3738
1696,973
1696,3648
1698,146
1698,2207
1698,2719
1698,751
1698,2522
1699,892
1699,568
1699,1634
1699,2512
1699,4732
1699,3440
1699,1511
1702,751
1702,213
1702,3116
1702,3984
1702,2207
1707,797
1707,4067
1707,4791
1707,2927
1707,4432
1707,3096
1707,2967
1709,499
1709,921
1709,4864
1709,2184
1709,2269
1710,121
1710,4848
1710,3844
1710,3127
1710,1562
1710,3987
1711,746
1711,2676
1711,4013
1711,1113
1711,2190
1714,608
1714,1843
1714,3941
1714,1595
1716,498
1716,3584
1716,726
1716,3858
1716,2171
1717,724
1717,5001
1717,2103
1717,4936
1717,3162
1717,3942
1718,480
1718,788
1718,343
1718,3976
1718,3103
1721,315
1721,4954
1721,3395
1721,3291
1721,2487
1723,991
1723,2774
1723,2659
1723,226
1723,4930
1723,3959
1731,667
1731,76
1731,4964
1731,1702
1731,4135
1731,202
1732,61
1732,3968
1732,3640
1732,4906
1732,4232
1732,667
1733,135
1733,3672
1733,3534
1733,4253
1733,3705
1733,4928
1734,362
1734,4429
1734,4663
1734,800
1734,4963
1734,3210
1736,129
1736,1712
1736,3996
1736,2029
1736,4851
1737,872
1737,2149
1737,3878
1737,4495
1737,2258
1737,690
1738,618
1738,1581
1738,726
1738,4190
1738,4625
1738,2920
1739,473
1739,2145
1739,1802
1739,2484
1739,3033
1739,1767
1739,1175
1740,524
1740,2500
1740,1559
1740,3435
1740,3339
1742,270
1742,2984
1742,3747
1742,2217
1742,2287
1746,1006
1746,2510
1746,1795
1746,4853
1746,3138
1747,580
1747,1919
1747,1440
1749,647
1749,3401
1749,3029
1749,4061
1749,1875
1752,341
1752,3467
1752,4461
1752,2448
1752,4236
1753,648
1753,4927
1753,4506
1753,3544
1753,1121
1754,118
1754,1242
1754,4804
1754,1425
1756,841
1756,729
1756,3079
1756,3510
1756,3270
1760,1015
1760,4283
1760,1583
1760,2386
1760,3583
1760,2564
1763,661
1763,3717
1763,1552
1763,3608
1763,3753
1763,4375
1764,483
1764,1706
1765,19
1765,3342
1765,3758
1765,4740
1765,1280
1765,3736
1766,975
1766,617
1766,4878
1766,2421
1766,4977
1767,493
1767,1170
1767,304
1767,3627
1768,148
1768,2987
1768,1440
1768,77
1768,1205
1769,612
1769,2859
1769,3490
1769,2247
1769,1290
1770,853
1770,1572
1770,4810
1770,2207
1773,428
1773,4442
1773,4621
1773,2398
1773,1089
1774,743
1774,3400
1774,1251
1774,3774
1774,2466
1774,3703
1775,661
1775,3790
1775,4701
1775,4554
1775,3768
1776,591
1776,1220
1776,3685
1776,1473
1776,1411
1776,2929
1778,699
1778,1994
1778,4571
1779,518
1779,1525
1779,691
1779,2075
1779,1939
1779,4959
1780,746
1780,2676
1780,2299
1780,3065
1780,4408
1781,537
1781,3137
1781,2520
1781,3069
1781,4393
1781,1347
1782,773
1782,902
1782,4733
1782,2734
1782,3004
1782,3923
1783,834
1783,3388
1785,598
1785,4440
1785,4731
1786,365
1786,568
1786,1634
1786,213
1786,2726
1786,1259
1787,817
1787,4901
1787,1508
1787,3493
1787,4170
1788,14
1788,3091
1788,4779
1788,1425
1788,568
1788,1634
1790,463
1790,3327
1790,3117
1790,2632
1790,2076
1790,4795
1790,1265
1791,1028
1791,2608
1791,1021
1791,2976
1791,2180
1792,890
1792,4312
1792,2815
1792,1164
1792,1237
1792,1209
1794,566
1794,1308
1794,4623
1794,1575
1794,4541
1794,3363
1794,1461
1798,264
1798,2226
1798,2634
1798,4568
1798,2790
1799,313
1799,1649
1801,969
1801,3596
1801,4377
1801,661
1801,1200
1801,220
1801,3653
1802,536
1802,700
1802,4306
1802,3210
1802,3297
1802,31
1806,923
1806,4230
1806,3977
1808,281
1808,4690
1808,2873
1808,1371
1808,4326
1808,1943
1809,112
1809,4492
1809,1199
1809,2574
1809,726
1810,88
1810,2182
1810,1751
1810,2455
1810,1978
1810,1119
1810,3900
1811,613
1811,3704
1811,4919
1811,3425
1811,4378
1811,4462
1814,969
1814,3596
1814,4377
1814,661
1814,1200
1814,220
1814,3653
1816,465
1816,1271
1816,4369
1816,4673
1816,2474
1816,989
1817,990
1817,2432
1817,1114
1817,1882
1817,3284
1817,4247
1818,1058
1818,3392
1818,2183
1818,2205
1818,4885
1819,119
1819,2274
1819,3765
1819,213
1819,3017
1821,246
1821,1105
1821,4467
1821,4816
1821,4314
1821,128
1825,893
1825,1647
1825,2493
1825,2975
1825,4942
1825,2979
1825,3808
1826,752
1826,1642
1826,667
1826,560
1826,3748
1826,202
1830,829
1830,3043
1830,4909
1830,3791
1830,2458
1831,497
1831,2951
1831,4902
1831,1490
1831,3813
1832,411
1833,782
1833,1084
1833,3741
1833,4490
1833,2610
1833,3039
1835,147
1835,2312
1835,3516
1835,1822
1835,1842
1835,2640
1836,1013
1836,2777
1837,45
1837,4650
1837,3960
1837,2199
1837,1961
1837,2959
1838,27
1838,2964
1838,1744
1838,965
1838,667
1838,3744
1840,950
1840,4426
1840,2794
1840,3071
1840,4373
1844,786
1844,4586
1844,3663
1844,1553
1844,2573
1845,781
1845,1631
1845,119
1845,3877
1845,3875
1846,495
1846,2349
1846,2498
1846,4319
1846,2907
1846,3197
1848,401
1848,1405
1848,2456
1848,3580
1848,4267
1849,536
1849,700
1849,4306
1849,3210
1849,3297
1849,31
1850,15
1850,2536
1850,2779
1850,1398
1850,3877
1853,184
1853,3072
1853,2508
1853,4876
1853,4302
1854,741
1857,685
1857,1324
1857,2352
1857,1990
1857,2770
1858,406
1858,2400
1858,4145
1858,4307
1858,3762
1861,529
1861,3621
1861,4862
1861,3499
1861,4762
1863,655
1863,1873
1863,2195
1863,3889
1863,918
1863,4404
1864,888
1864,1267
1864,2746
1864,4482
1864,4986
1864,2308
1867,667
1867,560
1867,1340
1867,4089
1867,2812
1869,486
1869,1363
1869,2445
1873,559
1873,4144
1873,4223
1873,4003
1873,3502
1875,650
1875,4877
1875,3135
1875,146
1875,2207
1875,751
1876,474
1876,3998
1876,3885
1876,2425
1876,2317
1876,3956
1877,154
1877,1699
1877,4524
1877,256
1877,3114
1880,788
1880,993
1881,329
1881,1688
1881,4006
1881,4001
1882,702
1882,2692
1882,3552
1882,3078
1882,2768
1884,652
1884,2047
1885,512
1885,3157
1885,1094
1885,3578
1885,1678
1887,1029
1887,4513
1887,4130
1887,4059
1887,4561
1888,9
1888,2989
1888,2656
1888,1867
1888,2460
1888,4723
1889,825
1889,1687
1889,2408
1889,1079
1889,4895
1889,1954
1889,4284
1890,193
1890,22
1892,517
1892,4098
1892,1198
1892,4295
1892,1989
1892,3244
1893,64
1893,4755
1893,2039
1893,667
1893,2753
1893,4531
1894,462
1894,2669
1894,2853
1894,3298
1894,4358
1896,819
1896,1814
1896,3153
1896,1067
1896,62
1896,1845
1897,990
1897,2432
1897,4263
1897,1882
1897,1114
1897,4162
1898,837
1898,700
1898,800
1898,2803
1898,3652
1898,1613
1899,600
1901,6
1901,4357
1901,2100
1901,1704
1901,4489
1901,2831
1901,2805
1902,660
1902,4201
1902,2619
1902,4162
1902,2101
1903,165
1903,4103
1903,2870
1903,4070
1903,4090
1930,368
1930,4675
1930,4490
1930,1836
1931,338
1931,376
1931,4719
1932,313
1932,1649
1932,2990
1932,4710
1932,2706
1933,452
1933,4618
1933,4581
1933,1353
1933,3692
1933,343
1933,119
1934,583
1934,1145
1934,1730
1934,3010
1934,3494
1935,667
1935,560
1935,3404
1935,2592
1935,4538
1937,166
1937,4360
1937,4087
1939,203
1939,2286
1939,1710
1939,760
1939,4634
1939,1714
1940,466
1940,4556
1940,3292
1940,3957
1940,1555
1943,689
1943,4761
1943,1277
1943,3906
1944,840
1944,3498
1944,2349
1944,102
1944,2220
1945,667
1945,560
1945,4939
1945,2827
1945,1819
1949,1009
1949,4149
1949,2801
1949,4361
1949,3027
1950,644
1950,3880
1950,3788
1950,4400
1950,2981
1950,1476
1950,1846
1952,587
1952,2891
1952,3830
1952,3564
1952,1282
1952,4354
1953,185
1953,2265
1954,918
1954,3827
1954,2180
1954,1660
1954,810
1955,456
1955,1389
1955,2289
1955,2429
1955,1143
1956,496
1956,1780
1956,4154
1957,667
1957,560
1957,4407
1957,3748
1957,3025
1958,352
1958,3533
1958,1590
1958,1971
1958,4699
1959,410
1959,3457
1959,743
1959,3400
1959,4470
1959,3126
1959,3723
1959,1851
1961,460
1961,1194
1961,1626
1961,4360
1962,648
1962,4927
1962,3232
1962,4072
1962,2572
1962,4682
1963,729
1963,3079
1963,3510
1963,3270
1963,841
1965,133
1965,2664
1965,3803
1965,4552
1965,3898
1965,1345
1967,787
1967,164
1967,1249
1967,2661
1967,1812
1968,667
1968,560
1968,4077
1968,1493
1968,2222
1969,155
1969,3604
1969,4868
1969,4487
1969,3169
1969,2108
1970,86
1970,3041
1970,1807
1970,3553
1970,2587
1972,279
1972,2586
1972,710
1972,753
1972,4422
1972,3022
1973,715
1973,2628
1973,4749
1973,3713
1973,2717
1973,4667
1974,78
1974,2978
1974,3818
1974,2302
1976,198
1976,2008
1976,2745
1976,4298
1976,2321
1982,300
1982,4323
1982,3266
1982,1213
1982,4336
1992,79
1992,4978
1992,4811
1992,4209
1992,1792
1994,667
1994,560
1994,4407
1994,3431
1994,4038
1996,1034
1996,4940
1996,4202
1996,4181
1996,2540
1996,2759
1999,828
1999,4803
1999,3897
1999,3949
2005,12
2005,1292
2005,2207
2005,168
2008,202
2008,4466
2008,4198
2008,2407
2008,2048
2010,858
2010,3390
2010,3208
2013,84
2013,4409
2016,815
2016,1890
2016,4813
2016,2295
2016,4225
2016,1532
2016,3371
2017,382
2017,3763
2017,2068
2017,2273
2017,1991
2017,2262
2018,112
2018,1788
2018,2186
2018,273
2018,1660
2019,526
2019,1377
2019,2344
2019,3428
2019,2816
2022,667
2024,33
2024,256
2024,4751
2024,3882
2024,4049
2025,692
2025,2057
2025,4652
2025,2374
2025,2041
2025,3540
2026,237
2026,4292
2026,1452
2026,4892
2026,4859
2026,4188
2026,4716
2027,760
2027,4634
2028,693
2028,4355
2028,2070
2028,4962
2028,4490
2030,658
2030,2541
2030,2546
2030,2094
2031,469
2031,4754
2031,4075
2031,1263
2031,1679
2031,1218
2031,3626
2038,453
2038,3158
2038,3579
2038,4832
2040,661
2040,2505
2040,1239
2040,20
2040,4200
2041,656
2041,3330
2041,4687
2041,1797
2041,3360
2041,4806
2041,1339
2044,295
2044,4579
2044,424
2044,1461
2044,11
2045,17
2047,308
2047,2854
2047,1736
2047,4776
2047,1761
2047,5020
2047,2971
2050,769
2050,2533
2050,326
2050,3806
2050,2263
2050,3546
2051,661
2051,220
2051,20
2051,3653
2051,680
2054,344
2054,3711
2054,4050
2054,3741
2054,3379
2058,673
2058,2328
2058,4860
2058,2749
2058,4458
2059,646
2059,4976
2059,4315
2059,66
2059,1404
2061,592
2061,4055
2061,3032
2061,4498
2061,4339
2061,2088
2063,439
2063,3513
2063,4884
2063,4629
2063,4261
2064,419
2064,2549
2064,4166
2064,2714
2064,2071
2064,3231
2064,2665
2065,602
2065,3017
2065,2944
2065,4023
2065,3877
2066,164
2066,3643
2066,808
2066,788
2066,3554
2070,539
2070,2952
2070,4057
2070,4666
2070,2371
2071,645
2071,220
2071,20
2071,3768
2071,4128
2072,661
2072,4266
2072,20
2072,3768
2072,3164
2073,208
2073,4092
2073,1232
2073,4304
2073,1800
2078,467
2078,4008
2078,1690
2078,4976
2078,3295
2079,1010
2079,1342
2079,4081
2079,2742
2079,2034
2080,339
2080,3024
2080,583
2080,4076
2080,4584
2080,2417
2080,335
2080,3726
2084,251
2084,3066
2084,1796
2084,4123
2084,2798
2084,3933
2084,2038
2085,265
2085,788
2085,480
2085,4481
2091,903
2091,1808
2091,1849
2091,2925
2091,2506
2093,179
2093,3471
2093,2577
2093,3881
2093,1962
2093,3709
2094,968
2094,3150
2094,2213
2094,4758
2094,1879
2094,2726
2097,431
2097,4275
2097,4108
2097,2357
2097,4122
2098,963
2098,263
2098,4745
2098,3307
2098,4162
2099,530
2099,768
2099,4282
2099,475
2099,335
2099,3726
2099,2726
2100,486
2100,1363
2100,2115
2100,3741
2100,1124
2101,675
2101,4530
2101,3049
2101,3373
2101,3238
2108,317
2108,2851
2108,4880
2108,3204
2108,2782
2120,735
2120,1982
2120,536
2120,2024
2121,973
2121,3648
2125,794
2125,1236
2125,3468
2125,1419
2125,2025
2125,1092
2127,97
2127,2350
2127,3999
2127,2178
2127,1165
2128,159
2128,2655
2128,2354
2128,4138
2128,5010
2128,1913
2130,309
2130,4665
2130,2956
2130,3876
2130,5015
2130,4396
2133,947
2133,3939
2133,1417
2133,1495
2133,3877
2134,423
2134,4454
2134,1086
2134,1266
2134,726
2134,1411
2137,271
2137,1769
2137,4627
2137,1979
2139,619
2139,2050
2139,1396
2139,1692
2139,1554
2141,487
2141,3412
2141,1747
2141,3565
2141,1763
2141,3505
2143,763
2143,4029
2143,4184
2143,107
2143,4430
2143,11
2144,414
2144,2649
2144,3950
2144,4137
2144,4495
2144,3852
2144,982
2146,703
2146,1739
2146,3424
2146,2084
2146,4233
2146,3065
2146,475
2148,272
2148,1361
2148,4338
2148,2726
2148,846
2152,70
2152,1342
2152,872
2152,2149
2152,641
2152,2749
2153,481
2153,4345
2153,2090
2153,1897
2153,2093
2153,4197
2154,951
2154,3061
2154,4707
2154,4464
2154,2469
2156,832
2156,2015
2156,5003
2156,1413
2156,3077
2156,2464
2160,953
2160,1707
2162,90
2163,321
2163,2674
2163,2947
2163,1662
2163,4388
2166,180
2166,3200
2166,1409
2166,3314
2166,3886
2166,4021
2169,231
2169,3854
2169,3777
2169,4187
2169,1641
2171,894
2171,606
2171,3140
2171,2883
2171,3542
2174,293
2174,4310
2174,2881
2174,606
2174,206
2175,389
2175,4948
2175,4271
2175,2056
2175,2414
2175,848
2180,881
2180,1135
2180,3786
2180,3176
2180,1177
2180,4457
2180,1168
2181,780
2181,2504
2181,2373
2181,2268
2181,22
2182,661
2182,220
2182,680
2182,3517
2182,4179
2184,303
2184,1418
2184,1492
2184,3814
2184,1264
2184,3133
2201,169
2201,4243
2201,4221
2201,4010
2202,710
2202,4924
2202,4549
2202,2404
2202,2703
2206,800
2206,4048
2206,4481
2206,4689
2206,982
2209,293
2209,4310
2209,2881
2209,606
2209,206
2210,1017
2210,4242
2210,2043
2210,4619
2210,2002
2210,1988
2211,217
2211,3884
2211,782
2211,536
2211,4663
2212,390
2212,2155
2212,1360
2212,4863
2212,2721
2213,830
2213,4726
2213,4056
2213,2637
2213,2242
2213,4574
2214,510
2214,1160
2214,3083
2214,3993
2214,3355
2215,115
2215,2099
2215,4957
2215,4614
2215,2810
2215,4483
2216,459
2216,1976
2216,3171
2216,1614
2217,820
2217,1801
2217,4724
2217,2865
2217,1548
2217,3160
2219,809
2219,2272
2219,3329
2219,4481
2219,1863
2219,4022
2220,420
2220,3716
2220,3343
2220,3938
2220,1999
2220,3639
2220,4185
2221,807
2221,2165
2221,4750
2221,2513
2221,2248
2222,627
2222,4434
2222,3609
2222,2388
2222,2548
2222,1523
2223,654
2223,3689
2223,598
2223,2055
2223,22
2223,2893
2224,919
2224,4585
2224,2246
2224,335
2224,3726
2224,90
2225,1067
2225,62
2225,1845
2225,2874
2225,2314
2225,22
2226,540
2226,326
2226,906
2226,2852
2226,1748
2230,343
2230,1425
2230,5011
2230,1660
2230,3997
2230,2392
2234,571
2234,4138
2234,2293
2234,2422
2234,3456
2234,438
2234,3855
2235,582
2235,3318
2235,2868
2235,3541
2235,1666
2237,355
2237,3810
2237,420
2237,3716
2237,726
2237,4190
2237,343
2238,565
2238,3089
2238,1080
2238,4509
2238,2511
2239,734
2239,2702
2239,2449
2239,4444
2239,3895
2242,70
2242,3668
2242,1342
2242,782
2242,231
2244,81
2244,486
2244,1363
2244,4463
2244,2384
2246,274
2246,2901
2246,2849
2246,2704
2249,375
2249,2701
2249,4926
2249,4541
2249,2914
2250,751
2250,2207
2250,4671
2250,4575
2250,2417
2250,4746
2251,1030
2251,2387
2251,3326
2251,2283
2251,3411
2251,1433
2252,888
2252,1267
2252,2746
2252,4482
2252,4986
2252,2308
2253,567
2253,1498
2253,2179
2253,4911
2253,2486
2254,173
2254,2304
2254,4827
2254,4881
2254,70
2255,667
2255,560
2255,4139
2255,4151
2255,3006
2256,475
2256,1622
2256,4193
2256,3543
2256,4339
2256,1791
2257,204
2257,2855
2257,4654
2257,1384
2257,1737
2257,499
2259,856
2259,4246
2259,1097
2259,3182
2259,3825
2259,5000
2261,860
2261,4475
2261,4257
2261,1768
2261,4116
2261,475
2264,1014
2264,1536
2264,2957
2264,3450
2264,2362
2264,1075
2266,107
2266,1385
2266,1331
2266,4769
2266,4167
2268,560
2268,3431
2268,3206
2268,4121
2272,554
2272,256
2272,1139
2272,3397
2272,1241
2272,3375
2275,738
2275,1146
2275,1415
2275,2766
2275,3429
2275,1775
2276,283
2276,3610
2276,1825
2277,940
2277,2887
2278,220
2278,1200
2278,3653
2278,20
2278,4624
2278,3155
2280,986
2280,2802
2280,3129
2280,4644
2280,1742
2280,4189
2280,4999
2282,752
2282,1642
2282,667
2282,2538
2282,1636
2282,3521
2282,1574
2283,55
2283,1390
2283,3595
2283,3956
2283,3838
2283,3059
2285,417
2285,906
2285,4291
2285,2151
2285,4647
2287,667
2287,560
2287,3030
2287,4136
2287,4237
2288,356
2291,181
2291,3679
2291,212
2291,128
2291,3482
2293,91
2293,3828
2293,1900
2293,3870
2293,2983
2293,4014
2296,545
2296,1118
2296,4398
2296,768
2296,475
2297,697
2297,242
2297,107
2297,5018
2297,2621
2298,66
2298,3930
2298,4908
2298,2472
2298,4782
2299,661
2299,1457
2299,2748
2299,20
2299,680
2301,933
2301,4273
2302,1067
2302,62
2302,1845
2302,3304
2303,752
2303,1642
2303,667
2303,560
2303,4114
2303,3635
2305,640
2305,2556
2305,1578
2305,1594
2305,2997
2306,1021
2306,1446
2306,4722
2306,2304
2306,2864
2307,625
2307,3868
2307,81
2307,486
2307,1363
2307,1579
2307,4054
2311,337
2311,4084
2311,4998
2311,2067
2311,2557
2312,778
2312,4996
2312,3309
2312,3948
2312,4774
2312,4790
2314,982
2314,4894
2314,4294
2314,3559
2314,3192
2317,374
2317,2903
2317,906
2317,2603
2317,326
2318,358
2318,1382
2318,2031
2318,2699
2318,788
2319,667
2319,3963
2321,1000
2321,4677
2321,2836
2321,1992
2321,2127
2323,370
2323,2128
2323,4495
2323,968
2323,3150
2323,1070
2327,194
2327,2752
2327,2679
2327,4817
2327,1234
2327,3398
2328,891
2328,1776
2328,3222
2328,2526
2329,63
2329,1515
2329,1996
2329,1531
2329,2741
2329,4409
2330,578
2330,3619
2330,4959
2330,4401
2330,4727
2330,4997
2332,1022
2332,1287
2332,3215
2333,633
2333,4184
2333,1293
2333,335
2333,3726
2333,4297
2335,664
2335,2367
2335,4341
2335,4959
2335,4397
2337,676
2337,1459
2337,3699
2337,3660
2337,2693
2339,602
2339,4441
2339,4967
2339,1411
2339,788
2341,1001
2341,3201
2341,3283
2341,3380
2341,1420
2342,28
2342,3527
2342,2940
2342,2936
2342,3680
2343,581
2343,3638
2343,3884
2343,2685
2343,217
2343,1008
2346,934
2346,3269
2346,1684
2346,2078
2346,1504
2347,805
2347,2245
2348,712
2348,1009
2348,2654
2348,2225
2348,4015
2350,484
2350,2949
2350,1269
2350,1221
2350,2902
2352,190
2352,4064
2352,2982
2353,91
2353,3828
2353,1900
2353,3870
2353,2983
2353,4014
2358,820
2358,906
2358,2757
2360,295
2360,4579
2360,424
2360,1461
2360,11
2362,1024
2362,1283
2362,4846
2362,3549
2362,3323
2363,254
2363,3972
2363,33
2363,2079
2363,2726
2363,2425
2364,956
2364,3670
2364,4041
2364,3177
2364,4386
2364,1717
2365,113
2365,1911
2365,4472
2365,1114
2365,4855
2366,980
2366,2908
2366,2425
2366,3907
2366,1959
2366,3936
2368,838
2368,2910
2368,2682
2368,2708
2368,2958
2368,1696
2369,667
2369,1636
2369,4661
2369,4742
2369,3915
2370,1035
2370,4703
2370,1491
2370,2713
2370,2673
2370,2763
2373,14
2373,3233
2373,3714
2373,1818
2373,3574
2374,1012
2374,4449
2374,3060
2374,4659
2374,2122
2374,4238
2377,171
2377,2736
2377,4105
2378,99
2378,3856
2378,1899
2378,3901
2378,1604
2380,67
2380,2591
2380,3512
2380,1910
2380,2439
2381,678
2381,4730
2381,4124
2381,4968
2381,4203
2381,4413
2381,4874
2382,549
2382,2371
2382,3161
2382,3946
2382,768
2384,920
2387,538
2387,2550
2387,560
2387,3431
2387,2135
2390,70
2390,1152
2390,3912
2390,4024
2390,1680
2392,715
2392,2628
2392,4749
2392,3713
2392,2717
2392,4667
2393,661
2393,220
2393,2744
2393,20
2393,1794
2422,478
2422,3202
2422,4194
2422,1793
2422,2551
2426,221
2426,4450
2426,3185
2426,1090
2426,1966
2426,4217
2428,667
2428,560
2428,1965
2428,3928
2428,3778
2429,461
2429,1178
2429,4606
2429,1450
2429,1233
2430,364
2430,4718
2430,2005
2430,2722
2430,4251
2430,2667
2431,1059
2431,1448
2431,4320
2431,4406
2431,3094
2431,4134
2432,143
2432,3478
2432,4046
2432,4603
2432,1839
2433,511
2433,2394
2433,4172
2433,4971
2433,3273
2433,4801
2434,345
2434,2566
2434,2935
2434,4829
2434,2101
2437,726
2437,4424
2437,771
2437,343
2437,420
2437,3716
2438,764
2438,1847
2438,2232
2438,3255
2439,446
2439,4722
2439,1348
2439,4805
2439,4316
2440,847
2440,3268
2440,2773
2440,4596
2440,4443
2442,276
2442,3123
2442,2301
2442,3064
2442,4567
2442,1453
2448,666
2448,3710
2448,1462
2448,3631
2448,2705
2448,1948
2452,24
2452,4766
2452,1480
2452,4570
2452,2207
2455,790
2455,1799
2455,4255
2455,4269
2455,2470
2455,3034
2456,596
2456,1872
2456,4331
2456,4493
2456,3951
2456,1509
2460,491
2460,4030
2460,4786
2460,2114
2460,2639
2460,2356
2460,3372
2461,648
2461,4927
2461,4072
2461,2904
2461,202
2462,954
2462,2382
2462,4933
2462,3474
2462,2555
2462,3678
2462,2636
2464,425
2464,3700
2464,1862
2464,3063
2471,542
2471,1522
2471,4191
2471,4339
2471,2091
2471,1306
2473,92
2473,4797
2473,3003
2473,1952
2473,4065
2473,1104
2479,398
2479,1973
2479,2355
2479,1858
2479,1632
2479,3368
2479,125
2482,11
2482,3257
2482,131
2482,2088
2482,1528
2482,2188
2487,214
2487,2547
2487,949
2487,3853
2487,4445
2487,1620
2487,4150
2487,2028
2488,458
2488,2648
2488,3912
2488,3413
2488,3145
2490,145
2493,863
2493,4951
2493,1773
2493,2518
2493,2021
2495,884
2495,2185
2495,1762
2495,4808
2495,547
2495,3811
2500,1071
2500,2157
2502,240
2502,3797
2502,1984
2502,4180
2502,2789
2502,1920
2505,120
2505,1359
2505,2383
2505,4528
2505,2892
2505,1126
2508,653
2508,1912
2508,3054
2508,2013
2508,1727
2508,3694
2508,2264
2510,648
2510,4927
2510,3544
2510,4281
2510,3344
